"","data","data.1","data.2"
"1",-11045.0636011679,NA,-12908.3854250034
"2",-6105.77354478945,NA,-7449.0555247726
"3",-3245.44250582222,NA,-4149.14931792175
"4",-1583.23150928147,NA,-2290.44582062102
"5",-629.618287535609,NA,-1164.24553282144
"6",37.7197242088415,NA,-249.633773485699
"7",940.938255088841,NA,1213.48055579091
"8",3314.33084787785,NA,4867.37030175159
"9",9691.93461659089,NA,13066.4257797252
"10",20931.496903539,NA,25790.3629740505
"11",35131.3658091536,NA,41146.4004273133
